IdExperienciaApp;IdProveedor;Estado;ExperienciaUniversal;Edad;Hijos;EdadHijos;EdadBeneficiarios;Antiguedad;Ingresos;FechaIngreso;Genero;TipoContrato;Cargo;Ciudad;TipoFamilia;AdultoMayor;Gestantes;Mascota;TipoMascota;ProgramaVigilanciaEpidemiologica;categoriaAfiliacion;PersonasEspeciales;afiliacionCajaCompensacion;afiliacionPbsCompensar;afiliacionPcCompensar;beneficiarioPbsCompensar;beneficiarioPcCompensar;TipoRemuneracion;GruposAplica;NombreExperiencia;NombreCortoExperiencia;TipoExperiencia;CategoriaBienestar;CantidadDisponible;Preferencias;ProcesarMotor
5e7d19cc8664ae4022cfadbc;0;ACTIVO;False;_Sindato;_Sindato;_Sindato;_Sindato;_Sindato;_Sindato;_Sindato;_Sindato;Fijo, Indefinido, Obra O Labor;_Sindato;Bogota, Girardot;Monoparental, Nucleares, Extensas, Parejas sin hijos;_Sindato;_Sindato;_Sindato;_Sindato;_Sindato;_Sindato;_Sindato;_Sindato;_Sindato;_Sindato;_Sindato;_Sindato;_Sindato;_Sindato;"""Te Acompañamos En Tus Eventos Familiares""";"""Asesoría Eventos""";Informativa;Diviértete Y Comparte;0;64e6768793293143c6716a2a;1
5e7d22358664ae4022cfadc4;0;ACTIVO;False;18 a 75;_Sindato;_Sindato;_Sindato;1 a 50;_Sindato;_Sindato;_Sindato;_Sindato;_Sindato;Bogota, Girardot, Fusagasuga, La Calera, Tocancipa, Cajica, Facatativa;_Sindato;_Sindato;_Sindato;_Sindato;_Sindato;_Sindato;A, B, C;_Sindato;Si;_Sindato;_Sindato;_Sindato;_Sindato;_Sindato;_Sindato;"""Es Momento De Comprar Vivienda, ¿Necesitas El Crédito? Aquí Tenemos La Mejor Opción""";"""Viv Crédito Hipotecario Compen""";Informativa;Para Toda La Familia;0;64e676d293293143c6716a2c;1
5e7d65788664ae4022cfadcc;0;ACTIVO;False;_Sindato;_Sindato;_Sindato;_Sindato;_Sindato;1 a 4;_Sindato;_Sindato;Fijo, Indefinido, Obra O Labor;_Sindato;Bogota;_Sindato;_Sindato;_Sindato;_Sindato;_Sindato;_Sindato;_Sindato;_Sindato;_Sindato;_Sindato;_Sindato;_Sindato;_Sindato;_Sindato;_Sindato;"""Construye O Mejora Tu Casa Con El Programa De Mejoramiento De Vivienda""";"""Construcción En Sitio Propio""";Informativa;Para Toda La Familia;0;64e676d293293143c6716a2c;1
5e7d67da8664ae4022cfadce;0;ACTIVO;False;18 a 75;_Sindato;_Sindato;_Sindato;1 a 50;_Sindato;_Sindato;_Sindato;Fijo, Indefinido, Obra O Labor;_Sindato;Bogota, Girardot;_Sindato;_Sindato;_Sindato;_Sindato;_Sindato;_Sindato;_Sindato;_Sindato;_Sindato;_Sindato;_Sindato;_Sindato;_Sindato;_Sindato;_Sindato;"""Unifica Tus Deudas Con Nuestras Opciones De Compra De Cartera""";"""Crédito Compra De Cartera""";Informativa;Aprende Y Crece;0;64e6761393293143c6716a29;1
5e7e5b34f16da0167353c171;0;ACTIVO;False;_Sindato;_Sindato;_Sindato;_Sindato;_Sindato;_Sindato;_Sindato;_Sindato;_Sindato;_Sindato;Bogota, Soacha, Facatativa, Madrid, Funza, Cota, Tenjo, Tabio, Chia, Cajica, Zipaquira, Tocancipa, Sopo, La Calera;_Sindato;_Sindato;_Sindato;_Sindato;_Sindato;_Sindato;A, B, C;_Sindato;Si;_Sindato;_Sindato;_Sindato;_Sindato;_Sindato;_Sindato;"""En Gmo Encuentras Las Gafas Oftálmicas Y De Sol Perfectas Para Ti""";"""Des Gmo""";Informativa;Cuida De Ti;0;65fb70b5a432ef1df3d7ecd6;1
5e837a0f087c5e1e2d9e7689;0;ACTIVO;False;18 a 75;_Sindato;_Sindato;_Sindato;1 a 50;_Sindato;_Sindato;_Sindato;_Sindato;_Sindato;Bogota, Girardot;_Sindato;_Sindato;_Sindato;_Sindato;_Sindato;_Sindato;_Sindato;_Sindato;_Sindato;_Sindato;_Sindato;_Sindato;_Sindato;_Sindato;_Sindato;"""Estamos Contigo, Recupera Tu Vida Financiera Con El Crédito De Compra De Cartera""";"""Recuperación Vida Financiera""";Informativa;Aprende Y Crece;0;64e6761393293143c6716a29;1
5e83c271087c5e1e2d9e76d9;0;ACTIVO;False;_Sindato;_Sindato;_Sindato;_Sindato;_Sindato;_Sindato;_Sindato;_Sindato;_Sindato;_Sindato;Bogota, Soacha, Facatativa, Madrid, Mosquera, Funza, Cota, Tenjo, Tabio, Chia, Cajica, Zipaquira, Tocancipa, Sopo, La Calera;_Sindato;_Sindato;_Sindato;_Sindato;_Sindato;_Sindato;A, B, C;_Sindato;Si;_Sindato;_Sindato;_Sindato;_Sindato;_Sindato;_Sindato;"""Cumple Tus Propósitos Académicos En La Universidad Ecci""";"""Des Universidad Ecci""";Informativa;_Sindato;0;64e6761393293143c6716a29;1
5e84f905087c5e1e2d9e772b;0;ACTIVO;False;_Sindato;_Sindato;_Sindato;_Sindato;_Sindato;1 a 3;_Sindato;_Sindato;_Sindato;_Sindato;Girardot, Bogota;_Sindato;_Sindato;_Sindato;_Sindato;_Sindato;_Sindato;_Sindato;_Sindato;_Sindato;_Sindato;_Sindato;_Sindato;_Sindato;_Sindato;_Sindato;"""En Los Momentos Difíciles Te Acompañamos Con Tu Subsidio Extraordinario""";"""Subsidio Extraordinario""";Informativa;Aprende Y Crece;0;64e6761393293143c6716a29;1
5e864dcd087c5e1e2d9e7733;1;ACTIVO;True;_Sindato;_Sindato;_Sindato;_Sindato;_Sindato;_Sindato;_Sindato;_Sindato;_Sindato;_Sindato;_Sindato;_Sindato;_Sindato;_Sindato;_Sindato;_Sindato;_Sindato;_Sindato;_Sindato;_Sindato;_Sindato;_Sindato;_Sindato;_Sindato;_Sindato;_Sindato;Aporte De Ahorro Al Fondo Mutuo De Inversión;Fondo Mutuo De Inversión;Informativa;_Sindato;0;65fb7027ebb36179ac5e7137;1
5e8cf129c3758d52b79922bf;1;ACTIVO;True;_Sindato;_Sindato;_Sindato;_Sindato;_Sindato;_Sindato;_Sindato;_Sindato;_Sindato;_Sindato;_Sindato;_Sindato;_Sindato;_Sindato;_Sindato;_Sindato;_Sindato;_Sindato;_Sindato;_Sindato;_Sindato;_Sindato;_Sindato;_Sindato;_Sindato;_Sindato;Disfruta Una Jornada Familiar Llena De Diversión Y Lazos Fuertes;Jornada Familiar;Informativa;_Sindato;0;65fb7027ebb36179ac5e7137;1
5e8cf43982e0a40e1352dd30;1;ACTIVO;False;55 a 99;_Sindato;_Sindato;_Sindato;_Sindato;_Sindato;_Sindato;Femenino;_Sindato;_Sindato;Bogota, Barranquilla, Popayan, Girardot, Duitama, Villavicencio;_Sindato;_Sindato;_Sindato;_Sindato;_Sindato;_Sindato;_Sindato;_Sindato;_Sindato;_Sindato;_Sindato;_Sindato;_Sindato;_Sindato;_Sindato;Disfruta Tu Nueva Etapa De Retiro Con El Programa Más Bienestar Compensar;Mas Bienestar;Informativa;_Sindato;0;65fb7027ebb36179ac5e7137;1
5e8cfa8e044a5e73dd7626e1;1;ACTIVO;False;_Sindato;_Sindato;_Sindato;_Sindato;2 a 50, 3 a 50, 12 a 50, 6 a 50, 36 a 50;_Sindato;_Sindato;_Sindato;_Sindato;_Sindato;Bogota, Girardot, Popayan, Villavicencio, Barranquilla, Duitama;_Sindato;_Sindato;_Sindato;_Sindato;_Sindato;_Sindato;_Sindato;_Sindato;_Sindato;_Sindato;_Sindato;_Sindato;_Sindato;_Sindato;_Sindato;Impulsa Tu Desarrollo Profesional Y Personal Con La Universidad Corporativa;Universidad Corporativa Compen;Informativa;_Sindato;0;64e6761393293143c6716a29;1
5e8d018343372e21e4405a0e;0;ACTIVO;False;_Sindato;_Sindato;_Sindato;_Sindato;_Sindato;_Sindato;_Sindato;_Sindato;_Sindato;_Sindato;_Sindato;_Sindato;True;_Sindato;_Sindato;_Sindato;_Sindato;_Sindato;_Sindato;_Sindato;_Sindato;_Sindato;_Sindato;_Sindato;_Sindato;_Sindato;"""Red Salud Mental Y Emocional""";"""Salud Mental Y Emocional""";Informativa;Aprende Y Crece;0;64e6761393293143c6716a29;1
5e9de325a48c5b0d773dd1bb;0;ACTIVO;False;_Sindato;True;0 a 5;_Sindato;_Sindato;_Sindato;_Sindato;_Sindato;_Sindato;_Sindato;_Sindato;_Sindato;_Sindato;_Sindato;_Sindato;_Sindato;_Sindato;_Sindato;_Sindato;_Sindato;_Sindato;_Sindato;_Sindato;_Sindato;_Sindato;_Sindato;"""Fórmate En Métodos De Cuidado Para Tus Hijos""";"""Guía Infantil""";Informativa;Aprende Y Crece;0;64e6761393293143c6716a29;1
5efbb6f10a29f476e144de05;0;ACTIVO;False;_Sindato;_Sindato;_Sindato;_Sindato;_Sindato;_Sindato;_Sindato;_Sindato;_Sindato;_Sindato;Bogota, Chia, Cota, Cajica, Zipaquira, Tocancipa, Sopo, Funza, Mosquera, Madrid, La Calera, Gachancipa;_Sindato;_Sindato;_Sindato;_Sindato;_Sindato;_Sindato;_Sindato;_Sindato;_Sindato;_Sindato;_Sindato;_Sindato;_Sindato;_Sindato;_Sindato;"""Los Amantes Del Asado Prefieren Las Carnes De Llano Alto De Cialta Para Su Día""";"""Cialta Bono 50 Carnes""";Transaccional;Vacaciones Que Inspiran;75;64e676ab93293143c6716a2b;1
5f08e63283dbe3010d7a0f5f;1;ACTIVO;False;_Sindato;_Sindato;_Sindato;_Sindato;_Sindato;_Sindato;_Sindato;_Sindato;Fijo, Indefinido, Obra o labor;_Sindato;Mosquera, Popayan, Villavicencio, Cajica, Lajitas, Bogota, Facatativa, Barranquilla, Girardot, Zipaquira, Duitama, Chia, Soacha;_Sindato;_Sindato;_Sindato;True;Cualquiera;_Sindato;_Sindato;_Sindato;_Sindato;_Sindato;_Sindato;_Sindato;_Sindato;_Sindato;_Sindato;Convenio Póliza Con Hdi Seguros Para Tu Mascota;Póliza De Mascotas Hdi;Informativa;_Sindato;0;64e676ebbf6bf0045de27d17;1
5f47de7207f9eb69076828b0;0;ACTIVO;False;18 a 65;_Sindato;_Sindato;_Sindato;_Sindato;_Sindato;_Sindato;_Sindato;_Sindato;_Sindato;_Sindato;_Sindato;_Sindato;_Sindato;_Sindato;_Sindato;_Sindato;A, B, C;_Sindato;Si;_Sindato;_Sindato;_Sindato;_Sindato;_Sindato;_Sindato;"""Obtén Eso Que Tanto Deseas, Solicita Tu Crédito De Libre Inversión En Compensar""";"""Crédito De Libre Inversión""";Informativa;Aprende Y Crece;0;65fb7027ebb36179ac5e7137;1
5f47e2e507f9eb69076828b1;0;ACTIVO;False;_Sindato;_Sindato;_Sindato;_Sindato;_Sindato;1 a 8;_Sindato;_Sindato;_Sindato;_Sindato;_Sindato;_Sindato;_Sindato;_Sindato;_Sindato;_Sindato;_Sindato;_Sindato;_Sindato;_Sindato;_Sindato;_Sindato;_Sindato;_Sindato;_Sindato;_Sindato;"""Conoce Los Proyectos De Vivienda Con Subsidio Y Anímate A Tener Casa Propia""";"""Viv Vivienda Con Subsidio""";Informativa;Para Toda La Familia;0;64e676d293293143c6716a2c;1
5f47e5a92c0404426e125715;0;ACTIVO;False;_Sindato;_Sindato;_Sindato;_Sindato;_Sindato;_Sindato;_Sindato;_Sindato;_Sindato;_Sindato;Facatativa, Zipaquira, La Mesa, Mosquera, Girardot, Ubate, Fusagasuga, Cucuta, Medellin, Tunja, Duitama, Sogamoso, Villavicencio, Cartagena, Barranquilla, Cali, Popayan, Bogota;_Sindato;_Sindato;_Sindato;_Sindato;_Sindato;_Sindato;_Sindato;_Sindato;_Sindato;_Sindato;_Sindato;_Sindato;_Sindato;_Sindato;_Sindato;"""Afíliate A Compensar Eps Y Haz Parte De Un Modelo De Atención Integral""";"""Afiliación Eps""";Informativa;Cuida De Ti;0;65fb70b5a432ef1df3d7ecd6;1
5f47e709fc8c7f68288f2636;0;ACTIVO;False;_Sindato;_Sindato;_Sindato;_Sindato;_Sindato;_Sindato;_Sindato;_Sindato;_Sindato;_Sindato;Bogota;_Sindato;_Sindato;No;_Sindato;_Sindato;_Sindato;A, B;_Sindato;Si;Si;_Sindato;_Sindato;_Sindato;_Sindato;_Sindato;"""Nuestro Plan Vital De Compensar Salud Está Pensado En Ti""";"""Plan Vital""";Informativa;Cuida De Ti;0;64e6761393293143c6716a29;1
6023e6fb6635cf6e2865bb7a;0;ACTIVO;False;_Sindato;_Sindato;_Sindato;_Sindato;_Sindato;_Sindato;_Sindato;_Sindato;_Sindato;_Sindato;Bogota, Mosquera, Facatativa, Funza;_Sindato;_Sindato;_Sindato;_Sindato;_Sindato;_Sindato;_Sindato;_Sindato;_Sindato;_Sindato;_Sindato;_Sindato;_Sindato;_Sindato;_Sindato;"""Todos Los Días Son De Ahorro En Mercado Zapatoca""";"""Zapatoca 20""";Transaccional;Para Toda La Familia;158;64e676d293293143c6716a2c;1
602e7cf83bda2f6607442a3d;0;ACTIVO;False;_Sindato;_Sindato;_Sindato;_Sindato;_Sindato;_Sindato;_Sindato;_Sindato;_Sindato;_Sindato;Bogota, Funza, Mosquera, Facatativa;_Sindato;_Sindato;_Sindato;_Sindato;_Sindato;_Sindato;_Sindato;_Sindato;_Sindato;_Sindato;_Sindato;_Sindato;_Sindato;_Sindato;_Sindato;"""Merca Todo Lo Que Necesites Para Tu Hogar En Mercados Zapatoca""";"""Zapatoca 50""";Transaccional;Para Toda La Familia;1281;64e676d293293143c6716a2c;1
6036cfd701a1110489997ce4;1;ACTIVO;False;_Sindato;_Sindato;_Sindato;_Sindato;_Sindato;_Sindato;_Sindato;_Sindato;_Sindato;_Sindato;Barranquilla;_Sindato;_Sindato;_Sindato;_Sindato;_Sindato;_Sindato;_Sindato;_Sindato;_Sindato;_Sindato;_Sindato;_Sindato;_Sindato;_Sindato;_Sindato;Sal De La Rutina Y Actívate Entrenando En Estos Modernos Gimnasios Combarranquilla;Gym Barranquilla;Informativa;_Sindato;0;65fb70b5a432ef1df3d7ecd6;1
608c0091638970100e33b00b;155177;ACTIVO;False;_Sindato;_Sindato;_Sindato;_Sindato;_Sindato;0 a 2;_Sindato;_Sindato;_Sindato;_Sindato;_Sindato;_Sindato;_Sindato;_Sindato;_Sindato;_Sindato;_Sindato;_Sindato;_Sindato;_Sindato;_Sindato;_Sindato;_Sindato;_Sindato;_Sindato;_Sindato;Snack Saludable;Snack Saludable;Informativa;_Sindato;0;64e676ab93293143c6716a2b;1
60933893ca58c047521cb088;0;ACTIVO;False;_Sindato;_Sindato;_Sindato;_Sindato;_Sindato;_Sindato;_Sindato;_Sindato;_Sindato;_Sindato;_Sindato;_Sindato;_Sindato;_Sindato;True;Gato;_Sindato;_Sindato;_Sindato;_Sindato;_Sindato;_Sindato;_Sindato;_Sindato;_Sindato;_Sindato;"""Aprende Cómo Cuidar A Tu Gato En Casa""";"""Huellas Naranja Gato""";Informativa;Para Toda La Familia;0;64e676ebbf6bf0045de27d17;1
60b95fbc4518b16377308b89;0;ACTIVO;False;_Sindato;_Sindato;_Sindato;_Sindato;_Sindato;_Sindato;_Sindato;_Sindato;_Sindato;_Sindato;_Sindato;_Sindato;_Sindato;_Sindato;_Sindato;_Sindato;_Sindato;A, B, C;_Sindato;Si;_Sindato;_Sindato;_Sindato;_Sindato;_Sindato;_Sindato;"""Aprovecha Precios Especiales En Las Sedes Spinning Center Gym""";"""Des Spinning Center Gym""";Informativa;Cuida De Ti;0;64e66faf93293143c6716a28;1
60cbb95a9b85e97ebb6384eb;1;ACTIVO;False;_Sindato;_Sindato;_Sindato;_Sindato;_Sindato;_Sindato;_Sindato;_Sindato;Fijo, Indefinido;_Sindato;Bogota, Girardot;_Sindato;_Sindato;_Sindato;_Sindato;_Sindato;_Sindato;_Sindato;_Sindato;_Sindato;_Sindato;_Sindato;_Sindato;_Sindato;_Sindato;_Sindato;Auxilio Económico Para Tu Plan Complementario Y El De Tu Familia;Auxilio Plan Complementario;Informativa;_Sindato;0;65fb70b5a432ef1df3d7ecd6;1
60d0d7d8e3d76d5e6f75359f;0;ACTIVO;False;_Sindato;_Sindato;_Sindato;_Sindato;_Sindato;_Sindato;_Sindato;_Sindato;_Sindato;_Sindato;_Sindato;_Sindato;_Sindato;_Sindato;True;Cualquiera;_Sindato;_Sindato;_Sindato;_Sindato;_Sindato;_Sindato;_Sindato;_Sindato;_Sindato;_Sindato;"""¡Diviértete En Casa Con Tu Mascota Practicando Estos Juegos!""";"""Huellas Naranja Juegos Mascota""";Informativa;Para Toda La Familia;0;64e676ebbf6bf0045de27d17;1
60edc6550649a01218e5c3d1;0;ACTIVO;False;_Sindato;_Sindato;_Sindato;_Sindato;_Sindato;_Sindato;_Sindato;_Sindato;_Sindato;_Sindato;Armenia, Barranquilla, Bogota, Bucaramanga, Cali, Cartagena, Chia, Ibague, Manizales, Medellin, Monteria, Pereira, Popayan, Soacha, Villavicencio;_Sindato;_Sindato;_Sindato;_Sindato;_Sindato;_Sindato;_Sindato;_Sindato;_Sindato;_Sindato;_Sindato;_Sindato;_Sindato;_Sindato;_Sindato;"""Combo Cinéfilo: Crispetas, Perro Caliente Y Gaseosa En Cine Colombia""";"""Cineco Bono 30.5 Combo 3""";Transaccional;Diviértete Y Comparte;1160;64e6768793293143c6716a2a;1
60f88d5f28cb323fef7895d7;0;ACTIVO;False;_Sindato;True;6 a 14;_Sindato;_Sindato;_Sindato;_Sindato;_Sindato;_Sindato;_Sindato;_Sindato;_Sindato;_Sindato;_Sindato;_Sindato;_Sindato;_Sindato;_Sindato;_Sindato;_Sindato;_Sindato;_Sindato;_Sindato;_Sindato;_Sindato;_Sindato;"""A Todo Pulmón: Previene Enfermedades Y Cuida El Sistema Respiratorio De Tu Hijo""";"""Sal A Todo Pulmón Niñez""";Informativa;Cuida De Ti;0;65fb70b5a432ef1df3d7ecd6;1
60f89ea639eac86235b93d64;0;ACTIVO;False;_Sindato;True;0 a 2;_Sindato;_Sindato;_Sindato;_Sindato;_Sindato;_Sindato;_Sindato;_Sindato;_Sindato;_Sindato;Si;_Sindato;_Sindato;_Sindato;_Sindato;_Sindato;_Sindato;_Sindato;_Sindato;_Sindato;_Sindato;_Sindato;_Sindato;"""Conoce Una Técnica De Lactancia Desde Fonoaudiología""";"""Lactancia Fono""";Informativa;Cuida De Ti;0;65fb70b5a432ef1df3d7ecd6;1
6171ebeb7812c554c62419dd;0;ACTIVO;False;18 a 99;_Sindato;_Sindato;_Sindato;_Sindato;_Sindato;_Sindato;_Sindato;_Sindato;_Sindato;Bogota;_Sindato;_Sindato;_Sindato;_Sindato;_Sindato;_Sindato;_Sindato;_Sindato;_Sindato;_Sindato;_Sindato;_Sindato;_Sindato;_Sindato;_Sindato;"""Cuida Tu Corazón Con Este Chequeo Médico Preventivo""";"""Sal Chequeo Médico""";Informativa;Cuida De Ti;0;64e676d293293143c6716a2c;1
619bb7d3cb1581313d4f5c8f;0;ACTIVO;False;_Sindato;_Sindato;_Sindato;_Sindato;_Sindato;1 a 4;_Sindato;_Sindato;_Sindato;_Sindato;_Sindato;_Sindato;_Sindato;_Sindato;_Sindato;_Sindato;_Sindato;A, B;_Sindato;Si;_Sindato;_Sindato;_Sindato;_Sindato;_Sindato;_Sindato;"""Beneficios Exclusivos En La Compra De Vivienda Vis Con Constructoras Aliadas""";"""Viv Proyectos Vis En Convenio""";Informativa;Para Toda La Familia;0;64e676d293293143c6716a2c;1
619bc121bb07e446013a3772;0;ACTIVO;False;_Sindato;_Sindato;_Sindato;_Sindato;_Sindato;_Sindato;_Sindato;_Sindato;_Sindato;_Sindato;Bogota, Soacha, Chia, Mosquera, Tocancipa, Cajica, Zipaquira, Barranquilla, Villavicencio, Cartagena, Madrid, Funza;_Sindato;_Sindato;_Sindato;_Sindato;_Sindato;_Sindato;A, B, C;_Sindato;Si;_Sindato;_Sindato;_Sindato;_Sindato;_Sindato;_Sindato;"""Beneficios Exclusivos En Servicios Inmobiliarios""";"""Viv Inmobiliarias Aliadas""";Informativa;Para Toda La Familia;0;64e676d293293143c6716a2c;1
61d5c94f43a792538f732079;0;ACTIVO;False;_Sindato;_Sindato;_Sindato;_Sindato;_Sindato;_Sindato;_Sindato;_Sindato;_Sindato;_Sindato;Bogota, Soacha, Facatativa, Madrid, Mosquera, Funza, Chinacota, Tenjo, Tabio, Chia, Cajica, Zipaquira, Tocancipa, Sopo;_Sindato;_Sindato;_Sindato;_Sindato;_Sindato;_Sindato;A, B, C;_Sindato;Si;_Sindato;_Sindato;_Sindato;_Sindato;_Sindato;_Sindato;"""?disfruta Momentos Únicos En Familia, Vive La Experiencia Sagal""";"""Des Sagal""";Informativa;Diviértete Y Comparte;0;64e676ab93293143c6716a2b;1
626aff7065821d66e5a6e1b7;0;ACTIVO;False;_Sindato;_Sindato;_Sindato;_Sindato;_Sindato;_Sindato;_Sindato;_Sindato;_Sindato;_Sindato;Bogota, Soacha, Facatativa, Madrid, Mosquera, Funza, Cota, Tenjo, Tabio, Chia, Cajica, Tocancipa, Sopo, La Calera;_Sindato;_Sindato;_Sindato;_Sindato;_Sindato;_Sindato;A, B, C;_Sindato;Si;_Sindato;_Sindato;_Sindato;_Sindato;_Sindato;_Sindato;"""Mejora Tus Habilidades Lectoras Con Avan-c Leyendo""";"""Des Avan-c Leyendo""";Informativa;Aprende Y Crece;0;64e6761393293143c6716a29;1
626b0fa9f547f45fa416769d;0;ACTIVO;False;_Sindato;_Sindato;_Sindato;_Sindato;_Sindato;_Sindato;_Sindato;_Sindato;_Sindato;_Sindato;Bogota, Medellin, Cali, Barranquilla;_Sindato;_Sindato;_Sindato;_Sindato;_Sindato;_Sindato;A, B, C;_Sindato;Si;_Sindato;_Sindato;_Sindato;_Sindato;_Sindato;_Sindato;"""Aprovecha Los Días De Descuento En Droguerías Cruz Verde""";"""Des Cruz Verde Días Descuento""";Informativa;Cuida De Ti;0;65fb70b5a432ef1df3d7ecd6;1
627c5cda11e10322bf8ecce1;1;ACTIVO;False;_Sindato;_Sindato;_Sindato;_Sindato;_Sindato;_Sindato;_Sindato;_Sindato;Indefinido, Fijo;_Sindato;_Sindato;_Sindato;_Sindato;_Sindato;_Sindato;_Sindato;_Sindato;_Sindato;_Sindato;_Sindato;_Sindato;_Sindato;_Sindato;_Sindato;_Sindato;_Sindato;Explora Las Ventajas Del Préstamo Educativo Sin Interés Para Tu Formación;Préstamo Educativo;Informativa;_Sindato;0;64e6761393293143c6716a29;1
62916aad2768293440beb800;1;ACTIVO;False;_Sindato;_Sindato;_Sindato;_Sindato;_Sindato;_Sindato;_Sindato;_Sindato;Fijo, Indefinido;_Sindato;_Sindato;_Sindato;_Sindato;_Sindato;_Sindato;_Sindato;_Sindato;_Sindato;_Sindato;_Sindato;_Sindato;_Sindato;_Sindato;_Sindato;_Sindato;_Sindato;Convenio Academia De Idiomas Smart;Convenio Smart;Informativa;_Sindato;0;64e6761393293143c6716a29;1
62c83fc0a19270787e8ff392;0;ACTIVO;False;_Sindato;_Sindato;_Sindato;_Sindato;_Sindato;_Sindato;_Sindato;_Sindato;_Sindato;_Sindato;Bogota, Cajica, Madrid, La Calera, Ibague, Neiva, Pereira, Barranquilla, Cartagena;_Sindato;_Sindato;_Sindato;_Sindato;_Sindato;_Sindato;_Sindato;_Sindato;_Sindato;_Sindato;_Sindato;_Sindato;_Sindato;_Sindato;_Sindato;"""Plan Anual De Spinning Center: Aprovecha Un 20% De Descuento""";"""Spinning Bono 720 1 Año""";Transaccional;Cuida De Ti;0;65fb70b5a432ef1df3d7ecd6;1
62d08271b0768f4be1b5c6cb;0;ACTIVO;False;_Sindato;_Sindato;_Sindato;_Sindato;_Sindato;_Sindato;_Sindato;_Sindato;_Sindato;_Sindato;Bogota, Cajica, Chia, Funza, Fusagasuga, Girardot, Madrid, Soacha, Zipaquira;_Sindato;_Sindato;_Sindato;_Sindato;_Sindato;_Sindato;A, B, C;_Sindato;Si;_Sindato;_Sindato;_Sindato;_Sindato;_Sindato;_Sindato;"""En Olimpica Recibe Descuentos Por Ser Afiliado Compensar""";"""Des Olimpica""";Informativa;Para Toda La Familia;0;64e676d293293143c6716a2c;1
62eb3da55da5290e1823129c;0;ACTIVO;False;_Sindato;_Sindato;_Sindato;_Sindato;_Sindato;_Sindato;_Sindato;_Sindato;_Sindato;_Sindato;_Sindato;_Sindato;True;_Sindato;_Sindato;_Sindato;_Sindato;_Sindato;_Sindato;_Sindato;_Sindato;_Sindato;_Sindato;_Sindato;_Sindato;_Sindato;"""Con Este Plan Exequial, Los Que Más Amas No Se Preocuparán Cuando No Estés""";"""Segu Exeq Adulto Mayor""";Informativa;Cuida De Ti;0;65fb7027ebb36179ac5e7137;1
62ed5efda2279f0dff96fdec;0;ACTIVO;False;_Sindato;_Sindato;_Sindato;_Sindato;_Sindato;_Sindato;_Sindato;_Sindato;_Sindato;_Sindato;Bogota, Soacha, Funza, Mosquera, Madrid, Cota, Chia, Zipaquira;_Sindato;_Sindato;_Sindato;_Sindato;_Sindato;_Sindato;A, B, C;_Sindato;Si;_Sindato;_Sindato;_Sindato;_Sindato;_Sindato;_Sindato;"""Aprovecha Los Descuentos Para La Próxima Compra De Tu Moto Nueva Suzuki""";"""Des Motos Suzuki""";Informativa;Para Toda La Familia;0;65fb7027ebb36179ac5e7137;1
62ed6b8cdf04b036672a067b;0;ACTIVO;False;_Sindato;_Sindato;_Sindato;_Sindato;_Sindato;_Sindato;_Sindato;_Sindato;_Sindato;_Sindato;Bogota, Soacha, Funza, Mosquera, Madrid, La Calera, Sopo, Cajica, Zipaquira, Cota, Chia, Tenjo, Tabio;_Sindato;_Sindato;_Sindato;_Sindato;_Sindato;_Sindato;A, B, C;_Sindato;Si;_Sindato;_Sindato;_Sindato;_Sindato;_Sindato;_Sindato;"""Encuentra El Mejor Servicio Técnico Y Repuestos Para Tu Moto En Auteco""";"""Des Servicio Técnico Auteco""";Informativa;Para Toda La Familia;0;65fb7027ebb36179ac5e7137;1
630533983a4fc217d610e5f1;0;ACTIVO;False;_Sindato;True;5 a 17;_Sindato;_Sindato;_Sindato;_Sindato;_Sindato;_Sindato;_Sindato;Bogota, La Calera, Zipaquira, Tabio, Tenjo, Chia, Tocancipa;_Sindato;_Sindato;_Sindato;_Sindato;_Sindato;_Sindato;A, B, C;_Sindato;Si;_Sindato;_Sindato;_Sindato;_Sindato;_Sindato;_Sindato;"""Potencia La Educación De Tus Hijos En El Gimnasio Los Alpes""";"""Des Gimnas Campestre Los Alpes""";Informativa;_Sindato;0;64e6761393293143c6716a29;1
6305369a38a7c5005bad03c1;0;ACTIVO;False;_Sindato;True;5 a 17;_Sindato;_Sindato;_Sindato;_Sindato;_Sindato;_Sindato;_Sindato;Bogota, Cota, Tenjo, Tabio, Chia, Cajica, Zipaquira, Tocancipa, Sopo, La Calera;_Sindato;_Sindato;_Sindato;_Sindato;_Sindato;_Sindato;A, B, C;_Sindato;Si;_Sindato;_Sindato;_Sindato;_Sindato;_Sindato;_Sindato;"""El Colegio Militar Caldas Te Ofrece Grandes Descuentos En La Educación De Tus Hijos""";"""Des Colegio Militar Caldas""";Informativa;_Sindato;0;64e6761393293143c6716a29;1
63054662d74a9832eee993ac;0;ACTIVO;False;_Sindato;True;5 a 17;_Sindato;_Sindato;_Sindato;_Sindato;_Sindato;_Sindato;_Sindato;Bogota, Tenjo, Tabio, Chia, Cajica, La Calera;_Sindato;_Sindato;_Sindato;_Sindato;_Sindato;_Sindato;A, B, C;_Sindato;Si;_Sindato;_Sindato;_Sindato;_Sindato;_Sindato;_Sindato;"""En El Gimnasio Inglés Campestre Recibe Descuentos En La Educación De Tus Hijos""";"""Des Gimnasio Inglés Campestre""";Informativa;Aprende Y Crece;0;64e6761393293143c6716a29;1
63102a11fe3f14276d9657de;0;ACTIVO;False;18 a 99;_Sindato;_Sindato;_Sindato;_Sindato;_Sindato;_Sindato;_Sindato;_Sindato;_Sindato;Bogota, Soacha, Mosquera, Madrid, Funza, Cota, Chia, Cajica, Zipaquira, Sopo, La Calera;_Sindato;_Sindato;_Sindato;_Sindato;_Sindato;_Sindato;_Sindato;_Sindato;_Sindato;_Sindato;_Sindato;_Sindato;_Sindato;_Sindato;_Sindato;"""Todo Lo Que Hace Perfecta Tu Sonrisa Con Nuestros Tratamientos De Ortodoncia""";"""Sal Ora - Ortodoncia""";Informativa;Cuida De Ti;0;64e676d293293143c6716a2c;1
63402e443210d37121f47841;0;ACTIVO;False;_Sindato;True;0 a 4;_Sindato;_Sindato;_Sindato;_Sindato;_Sindato;_Sindato;_Sindato;Facatativa, Zipaquira, La Mesa, Mosquera, Girardot, Ubate, Fusagasuga, Cucuta, Medellin, Tunja, Duitama, Sogamoso, Villavicencio, Cartagena, Barranquilla, Cali, Popayan, Bogota, Soacha;_Sindato;_Sindato;_Sindato;_Sindato;_Sindato;_Sindato;_Sindato;_Sindato;_Sindato;Si;_Sindato;_Sindato;_Sindato;_Sindato;_Sindato;"""Afília A Tu Bebé A Compensar Eps Y Disfruta Un Modelo De Atención Integral""";"""Eps Afiliación Bebes""";Informativa;Cuida De Ti;0;64e6761393293143c6716a29;1
63436c928860671cae91dc42;0;ACTIVO;False;_Sindato;_Sindato;_Sindato;_Sindato;_Sindato;_Sindato;_Sindato;_Sindato;_Sindato;_Sindato;Cartagena, Barranquilla, Tunja, Duitama, Sogamoso, Girardot, La Mesa, Facatativa, Zipaquira, Mosquera, Villavicencio, Cali, Popayan;_Sindato;_Sindato;_Sindato;_Sindato;_Sindato;_Sindato;_Sindato;_Sindato;_Sindato;_Sindato;_Sindato;_Sindato;_Sindato;_Sindato;_Sindato;"""Vive La Experiencia Del Mundo Compensar Salud Para Tu Empresa""";"""Sal Emp Compe Salud Eps""";Informativa;Cuida De Ti;0;65fb70b5a432ef1df3d7ecd6;1
637f7c3511ce2f27bbc9ecf7;0;ACTIVO;False;18 a 99;_Sindato;_Sindato;_Sindato;_Sindato;_Sindato;_Sindato;_Sindato;_Sindato;_Sindato;Anapoima, Bogota, Briceno, Cajica, Caparrapi, Chia, Choconta, Cogua, Chinacota, El Rosal, Facatativa, Funza, Fusagasuga, Gachancipa, Girardot, Guaduas, Guasca, Guatavita, La Calera, La Mesa, Lenguazaque, Madrid, Melgar, Mesitas Del Colegio, Mosquera, Nemocon, Pacho, Puerto Salgar, Ricaurte, San Francisco, San Juan De Rio Seco, Sasaima, Sesquile, Sibate, Simijaca, Soacha, Sopo, Subachoque, Suesca, Tabio, Tenjo, Tocaima, Tocancipa, Ubate, Viani, Villa Pinzon, Villeta, Viota, Zipacon, Zipaquira;_Sindato;_Sindato;_Sindato;_Sindato;_Sindato;_Sindato;_Sindato;_Sindato;_Sindato;_Sindato;_Sindato;_Sindato;_Sindato;_Sindato;_Sindato;"""Compensar Y Hoteles Estelar, Una Alianza Para Vivir? Nuevas Experiencias""";"""Tur Pre Hoteles Estelar""";Informativa;Vacaciones Que Inspiran;0;64e6768793293143c6716a2a;1
640f624aec359b4e6c2dba5b;1001118;ACTIVO;False;_Sindato;_Sindato;_Sindato;_Sindato;_Sindato;_Sindato;_Sindato;_Sindato;_Sindato;_Sindato;_Sindato;_Sindato;_Sindato;_Sindato;_Sindato;_Sindato;_Sindato;B, A;_Sindato;Si;_Sindato;_Sindato;_Sindato;_Sindato;_Sindato;_Sindato;¿Te Gustaría Ejercitarte Y Mantenerte Saludable? Todo Con El Mejor Precio¡¡¡;Dis 10% Plan Gym;Informativa;Bienestar De Tu Empresa;0;64e66faf93293143c6716a28;1
642c612e03ea855155bd85b7;1000731;ACTIVO;False;_Sindato;_Sindato;_Sindato;_Sindato;_Sindato;_Sindato;_Sindato;_Sindato;_Sindato;_Sindato;_Sindato;_Sindato;_Sindato;_Sindato;_Sindato;_Sindato;_Sindato;C;_Sindato;Si;_Sindato;_Sindato;_Sindato;_Sindato;_Sindato;_Sindato;¿Te Gustaría Disfrutar Del Portafolio Compensar Con El 30% De Descuento?;Dis 30% Categoría C;Informativa;Bienestar De Tu Empresa;0;64e6768793293143c6716a2a;1
64355da1cc1c7779d1b8cb1a;1000613;ACTIVO;False;_Sindato;_Sindato;_Sindato;_Sindato;_Sindato;_Sindato;_Sindato;_Sindato;_Sindato;_Sindato;Barrancabermeja, Barranquilla, Bogota, Bucaramanga, Cali, Cartagena, Chia, Envigado, Floridablanca, Girardot, Medellin, Pasto, Pereira, Popayan, Rionegro, Santa Marta, Soacha, Tunja, Valledupar, Yopal;_Sindato;_Sindato;_Sindato;_Sindato;_Sindato;_Sindato;_Sindato;_Sindato;_Sindato;_Sindato;_Sindato;_Sindato;_Sindato;_Sindato;_Sindato;En Tiendas Jumbo Encuentra Variedad En Productos Y Precios;Jumbo Frontera;Transaccional;Bienestar Frontera;0;64e676ab93293143c6716a2b;1
64389d7dd774f87e2374b751;1000731;ACTIVO;False;_Sindato;_Sindato;_Sindato;_Sindato;_Sindato;_Sindato;_Sindato;_Sindato;_Sindato;_Sindato;_Sindato;_Sindato;_Sindato;_Sindato;_Sindato;_Sindato;_Sindato;C, B, A;_Sindato;Si;_Sindato;_Sindato;_Sindato;_Sindato;_Sindato;_Sindato;Cuida Tu Salud Con Nuestro Plan Complementario;Dis Plan De Acompañamiento;Informativa;Bienestar De Tu Empresa;0;65fb70b5a432ef1df3d7ecd6;1
644a78933402925d5f2abd94;0;ACTIVO;False;_Sindato;_Sindato;_Sindato;_Sindato;_Sindato;_Sindato;_Sindato;_Sindato;_Sindato;_Sindato;Bogota, Soacha, Facatativa, Madrid, Mosquera, Funza, Cota, Tenjo, Chia, Cajica, Zipaquira, Tocancipa, Sopo, La Calera;_Sindato;_Sindato;_Sindato;_Sindato;_Sindato;_Sindato;A, B, C;_Sindato;Si;_Sindato;_Sindato;_Sindato;_Sindato;_Sindato;_Sindato;"""Los Fines De Semana Disfruta De Un Café En Tostao""";"""Des Tostao Descuento""";Informativa;_Sindato;0;64e676ab93293143c6716a2b;1
645518b12a35ae73661a8966;0;ACTIVO;False;_Sindato;True;6 a 11;_Sindato;_Sindato;_Sindato;_Sindato;_Sindato;_Sindato;_Sindato;Bogota, Soacha, Facatativa, Madrid, Mosquera, Funza, Cota, Tenjo, Tabio, Chia, Cajica, Zipaquira, Tocancipa, Sopo, La Calera;_Sindato;_Sindato;_Sindato;_Sindato;_Sindato;_Sindato;_Sindato;_Sindato;_Sindato;Si;_Sindato;_Sindato;_Sindato;_Sindato;_Sindato;"""Conoce Este Programa Que Ayudará A Tus Hijos A Tener Hábitos Saludables""";"""P&P Infancia""";Informativa;Cuida De Ti;0;65fb70b5a432ef1df3d7ecd6;1
64551dd2ca74e55e0cbe4de8;0;ACTIVO;False;_Sindato;True;12 a 17;_Sindato;_Sindato;_Sindato;_Sindato;_Sindato;_Sindato;_Sindato;Bogota, Soacha, Facatativa, Madrid, Mosquera, Funza, Cota, Tenjo, Tabio, Chia, Cajica, Zipaquira, Tocancipa, Sopo, La Calera;_Sindato;_Sindato;_Sindato;_Sindato;_Sindato;_Sindato;_Sindato;_Sindato;_Sindato;Si;_Sindato;_Sindato;_Sindato;_Sindato;_Sindato;"""Crea Hábitos Saludables En Tus Hijos Adolescentes Con Este Programa""";"""P&P Adolescencia""";Informativa;Cuida De Ti;0;65fb70b5a432ef1df3d7ecd6;1
64551f9d2a35ae73661a896d;0;ACTIVO;False;18 a 28;_Sindato;_Sindato;_Sindato;_Sindato;_Sindato;_Sindato;_Sindato;_Sindato;_Sindato;Bogota, Soacha, Facatativa, Madrid, Mosquera, Funza, Cota, Tenjo, Tabio, Chia, Cajica, Zipaquira, Tocancipa, Sopo, La Calera;_Sindato;_Sindato;_Sindato;_Sindato;_Sindato;_Sindato;_Sindato;_Sindato;_Sindato;Si;_Sindato;_Sindato;_Sindato;_Sindato;_Sindato;"""Conoce El Programa Que Te Ayuda Con El Cuidado De Tu Salud""";"""P&P Juventud""";Informativa;Cuida De Ti;0;65fb70b5a432ef1df3d7ecd6;1
6455b69566cb487063adf5c7;0;ACTIVO;False;29 a 59;_Sindato;_Sindato;_Sindato;_Sindato;_Sindato;_Sindato;_Sindato;_Sindato;_Sindato;Bogota, Soacha, Facatativa, Madrid, Mosquera, Funza, Cota, Tenjo, Tabio, Chia, Cajica, Zipaquira, Tocancipa, Sopo, La Calera;_Sindato;_Sindato;_Sindato;_Sindato;_Sindato;_Sindato;_Sindato;_Sindato;_Sindato;Si;_Sindato;_Sindato;_Sindato;_Sindato;_Sindato;"""Aprende A Tomar Decisiones Saludables Y Cuida De Tu Cuerpo""";"""P&P Adultez""";Informativa;Cuida De Ti;0;65fb70b5a432ef1df3d7ecd6;1
6455bf125a68c23e474bd3aa;0;ACTIVO;False;_Sindato;_Sindato;_Sindato;_Sindato;_Sindato;_Sindato;_Sindato;_Sindato;_Sindato;_Sindato;Bogota, Soacha, Facatativa, Madrid, Mosquera, Funza, Cota, Tenjo, Tabio, Chia, Cajica, Zipaquira, Tocancipa, Sopo, La Calera;_Sindato;_Sindato;_Sindato;_Sindato;_Sindato;_Sindato;_Sindato;_Sindato;_Sindato;Si;_Sindato;_Sindato;_Sindato;_Sindato;_Sindato;"""¿Sabes Qué Es El Programa De Atención Específica Integral? Conócelo Aquí""";"""P&P Aei""";Informativa;Cuida De Ti;0;65fb70b5a432ef1df3d7ecd6;1
6455c05766cb487063adf5cb;0;ACTIVO;False;25 a 65;_Sindato;_Sindato;_Sindato;_Sindato;_Sindato;_Sindato;_Sindato;_Sindato;_Sindato;Bogota, Soacha, Facatativa, Madrid, Mosquera, Funza, Cota, Tenjo, Tabio, Chia, Cajica, Zipaquira, Tocancipa, Sopo, La Calera;_Sindato;_Sindato;_Sindato;_Sindato;_Sindato;_Sindato;_Sindato;_Sindato;_Sindato;Si;_Sindato;_Sindato;_Sindato;_Sindato;_Sindato;"""Previene El Cáncer De Cuello Uterino""";"""P&P Cáncer Cérvix""";Informativa;Cuida De Ti;0;65fb70b5a432ef1df3d7ecd6;1
6457aa943402925d5f2d1ce9;0;ACTIVO;False;_Sindato;True;5 a 17;_Sindato;_Sindato;_Sindato;_Sindato;_Sindato;_Sindato;_Sindato;Bogota;_Sindato;_Sindato;_Sindato;_Sindato;_Sindato;_Sindato;A, B, C;_Sindato;Si;_Sindato;_Sindato;_Sindato;_Sindato;_Sindato;_Sindato;"""Recibe Descuentos En La Pensión Mensual En El Colegio Colombo Florida Limitada""";"""Des Col Colombo Florida Limita""";Informativa;_Sindato;0;64e6761393293143c6716a29;1
64e2e009903c5c4feec8cd32;0;ACTIVO;False;_Sindato;_Sindato;_Sindato;_Sindato;_Sindato;_Sindato;_Sindato;_Sindato;_Sindato;_Sindato;Bogota, Soacha, Facatativa, Madrid, Mosquera, Funza, Cota, Tenjo, Tabio, Chia, Cajica, Zipaquira, Tocancipa, Sopo, La Calera;_Sindato;_Sindato;_Sindato;True;Gato,Pajaro;_Sindato;A, B, C;_Sindato;Si;_Sindato;_Sindato;_Sindato;_Sindato;_Sindato;_Sindato;"""¡Peludito Limpio Y Feliz! 30% De Descuento En Baños, Solo En Movet""";"""Des Movet Baño""";Informativa;Para Toda La Familia;0;64e676ebbf6bf0045de27d17;1
64e2e009903c5c4feec8cd33;0;ACTIVO;False;_Sindato;_Sindato;_Sindato;_Sindato;_Sindato;_Sindato;_Sindato;_Sindato;_Sindato;_Sindato;Bogota, Soacha, Facatativa, Madrid, Mosquera, Funza, Cota, Tenjo, Tabio, Chia, Cajica, Zipaquira, Tocancipa, Sopo, La Calera;_Sindato;_Sindato;_Sindato;True;Gato,Perro;_Sindato;A, B, C;_Sindato;Si;_Sindato;_Sindato;_Sindato;_Sindato;_Sindato;_Sindato;"""Ahorra 15% En Hospitalización, Imágenes Y Laboratorio Para Tu Mascota En Movet""";"""Movet Hospotalización""";Informativa;Para Toda La Familia;0;64e676ebbf6bf0045de27d17;1
651f58404ecfcf68ab9a1892;0;ACTIVO;False;_Sindato;_Sindato;_Sindato;_Sindato;_Sindato;_Sindato;_Sindato;_Sindato;_Sindato;_Sindato;Bogota, Soacha, Madrid, Mosquera, Tenjo, Tabio, Tocancipa, Zipaquira, Chia, Cota, Sopo, La Calera, Cajica, Funza, Facatativa;_Sindato;_Sindato;_Sindato;_Sindato;_Sindato;_Sindato;_Sindato;_Sindato;_Sindato;_Sindato;_Sindato;_Sindato;_Sindato;_Sindato;_Sindato;"""Regala Salud Y Bienestar A Mamá Con El Chequeo Médico Oro""";"""Ind Chequeo Medico""";Informativa;Bienestar 360;0;65fb70b5a432ef1df3d7ecd6;1
65249c452d482c66e4af91c9;0;ACTIVO;False;_Sindato;_Sindato;_Sindato;_Sindato;_Sindato;_Sindato;_Sindato;_Sindato;_Sindato;_Sindato;Envigado, Medellin, Rionegro, Barranquilla, Bogota, Cartagena, Tunja, Popayan, Valledupar, Chia, Girardot, Soacha, Santa Marta, Pasto, Pereira, Barrancabermeja, Bucaramanga, Floridablanca, Cali;_Sindato;_Sindato;_Sindato;_Sindato;_Sindato;_Sindato;_Sindato;_Sindato;_Sindato;_Sindato;_Sindato;_Sindato;_Sindato;_Sindato;_Sindato;"""Vístete Para El Éxito Con Esta Oportunidad De Renovar Tu Guardarropa""";"""Jumbo Bono 80 Vestuario""";Transaccional;Para Toda La Familia;311;64e676d293293143c6716a2c;1
653c426567afa07bb6c166ca;0;ACTIVO;False;_Sindato;_Sindato;_Sindato;_Sindato;_Sindato;_Sindato;_Sindato;_Sindato;_Sindato;_Sindato;Bogota, Cajica, Cali, Chia, Madrid, Palmira, Medellin, Itagui, Sabaneta, Envigado, Mosquera, Soacha;_Sindato;_Sindato;_Sindato;_Sindato;_Sindato;_Sindato;_Sindato;_Sindato;_Sindato;_Sindato;_Sindato;_Sindato;_Sindato;_Sindato;_Sindato;"""Tu Hambre Termina Con El Sabor Inconfundible De Cali Mio""";"""Cbc Cali Mio 20 Mil Real""";Transaccional;Diviértete Y Comparte;90;64e676ab93293143c6716a2b;1
655e7f821551ee2ebd27cb8a;0;ACTIVO;False;_Sindato;True;5 a 17;_Sindato;_Sindato;_Sindato;_Sindato;_Sindato;_Sindato;_Sindato;Bogota, Soacha, Facatativa, Madrid, Mosquera, Funza, Tenjo, Cota, Tabio, Chia, Cajica, Zipaquira, Tocancipa, Sopo, La Calera;_Sindato;_Sindato;_Sindato;_Sindato;_Sindato;_Sindato;B, A, C;_Sindato;Si;_Sindato;_Sindato;_Sindato;_Sindato;_Sindato;_Sindato;"""Con La Lúdica Y El Juego Tus Hijos Aprenderán En El Gimnasio William Mackinley""";"""Des Gimnasio William Mackinley""";Informativa;_Sindato;0;64e6761393293143c6716a29;1
65ba5a22effa9b2c6894c93e;1006458;ACTIVO;False;_Sindato;_Sindato;_Sindato;_Sindato;6 a 50;_Sindato;_Sindato;_Sindato;Indefinido;_Sindato;Bogota, Villavicencio, Girardot;_Sindato;_Sindato;_Sindato;_Sindato;_Sindato;_Sindato;_Sindato;_Sindato;_Sindato;_Sindato;_Sindato;_Sindato;_Sindato;_Sindato;_Sindato;Cuida Tu Salud Y La De Tu Familia Con El Plan Complementario Especial;Auxilio Plan Complementario;Informativa;_Sindato;0;65fb70b5a432ef1df3d7ecd6;1
65c3d983a4bc0b1c366c4ea6;0;ACTIVO;False;_Sindato;_Sindato;_Sindato;_Sindato;_Sindato;_Sindato;_Sindato;_Sindato;_Sindato;_Sindato;Bogota, Soacha, Facatativa, Madrid, Mosquera, Funza, Cota, Tenjo, Tabio, Chia, Cajica, Zipaquira, Tocancipa, Sopo, La Calera;_Sindato;_Sindato;_Sindato;_Sindato;_Sindato;_Sindato;C, D;_Sindato;Si;_Sindato;_Sindato;_Sindato;_Sindato;_Sindato;_Sindato;"""¡Con El Plan Complementario Especial Obtienes Beneficios Adicionales Para Tu Salud!""";"""Des Plan Complementario Especi""";Informativa;Cuida De Ti;0;65fb70b5a432ef1df3d7ecd6;1
65d8dee643fd9c4092e24b2e;0;ACTIVO;False;_Sindato;_Sindato;_Sindato;_Sindato;_Sindato;_Sindato;_Sindato;_Sindato;_Sindato;_Sindato;Bogota, Chia, Sopo, Facatativa, Funza, La Calera, Cajica, Briceno, Mosquera, Madrid, Tocancipa, Zipaquira, Cota, Tenjo;_Sindato;_Sindato;_Sindato;True;Gato,Perro;_Sindato;_Sindato;_Sindato;_Sindato;_Sindato;_Sindato;_Sindato;_Sindato;_Sindato;_Sindato;"""¡Dale A Tu Peludo El Trato Que Se Merece En Jumbo! Disfruta Este Bono De 100.000""";"""Jumbo Bono 100 Mascotas""";Transaccional;Para Toda La Familia;194;64e676ebbf6bf0045de27d17;1
65d8deeed08d484bec78892c;0;ACTIVO;False;_Sindato;_Sindato;_Sindato;_Sindato;_Sindato;_Sindato;_Sindato;_Sindato;_Sindato;_Sindato;Bogota, Soacha, Tocancipa, Funza, Zipaquira, Cota, Tenjo, Chia, Cajica, La Calera, Briceno, Sopo, Mosquera, Madrid, Facatativa;_Sindato;_Sindato;_Sindato;_Sindato;_Sindato;_Sindato;_Sindato;_Sindato;_Sindato;_Sindato;_Sindato;_Sindato;_Sindato;_Sindato;_Sindato;"""¡Llena Tu Carrito Con El Bono De 50.000 Que Jumbo Tiene Para Ti!""";"""Jumbo Bono 50 General""";Transaccional;Para Toda La Familia;68;64e676d293293143c6716a2c;1
65d8def5743ca5486cfce4eb;0;ACTIVO;False;_Sindato;_Sindato;_Sindato;_Sindato;_Sindato;_Sindato;_Sindato;_Sindato;_Sindato;_Sindato;Barrancabermeja, Barranquilla, Bogota, Bucaramanga, Cali, Cartagena, Chia, Envigado, Floridablanca, Girardot, Medellin, Pasto, Pereira, Popayan, Rionegro, Santa Marta, Soacha , Tunja, Valledupar, Yopal, Cota, Mosquera, Funza;_Sindato;_Sindato;_Sindato;_Sindato;_Sindato;_Sindato;_Sindato;_Sindato;_Sindato;_Sindato;_Sindato;_Sindato;_Sindato;_Sindato;_Sindato;"""Llena Tu Hogar Y Tu Vida De Energía Positiva Con Un Bono De $80.000""";"""Jumbo Bono 80 Escolar 2025""";Transaccional;Para Toda La Familia;250;64e676d293293143c6716a2c;1
65df50902262e17157e08dec;0;ACTIVO;False;_Sindato;_Sindato;_Sindato;_Sindato;_Sindato;_Sindato;_Sindato;_Sindato;_Sindato;_Sindato;Bogota, Girardot, Zipaquira, Funza, Chia, Soacha, Cota, Madrid, Mosquera, Tocancipa, Cajica, Fusagasuga;_Sindato;_Sindato;_Sindato;_Sindato;_Sindato;_Sindato;A, B, C;_Sindato;Si;_Sindato;_Sindato;_Sindato;_Sindato;_Sindato;_Sindato;"""¡Despierta Con Energía En El Madrugón Olímpica!""";"""Des Olimpica Madrugon""";Informativa;Para Toda La Familia;0;65fb7027ebb36179ac5e7137;1
65f99fc3aa360f0612ed8b7d;0;ACTIVO;False;_Sindato;_Sindato;_Sindato;_Sindato;_Sindato;_Sindato;_Sindato;_Sindato;_Sindato;_Sindato;Bogota, Cajica, Chia, Soacha, Cartagena, Funza, Mosquera, Madrid, Sibate, Cota, Zipaquira, La Calera;_Sindato;_Sindato;_Sindato;_Sindato;_Sindato;_Sindato;_Sindato;_Sindato;_Sindato;_Sindato;_Sindato;_Sindato;_Sindato;_Sindato;_Sindato;"""Disfruta De Horas De Diversión En Playland Con La Tarjeta Dorada""";"""Playland Tarjeta Dorada""";Transaccional;Diviértete Y Comparte;8;64e6768793293143c6716a2a;1
6616ebad02c3b121d850a885;0;ACTIVO;False;_Sindato;_Sindato;_Sindato;0 a 5;_Sindato;_Sindato;_Sindato;_Sindato;_Sindato;_Sindato;Bogota, Soacha, Facatativa, Madrid, Mosquera, Funza, Cota, Tenjo, Tabio, Chia, Cajica, Zipaquira, Tocancipa, Sopo, La Calera;_Sindato;_Sindato;_Sindato;_Sindato;_Sindato;_Sindato;A, B, C;_Sindato;Si;_Sindato;_Sindato;_Sindato;_Sindato;_Sindato;_Sindato;"""Tus Hijos Vivirán La Mejor Experiencia Educativa En La Casa Cuento Kindergarden""";"""Des Casa Cuento Kindergarden""";Informativa;_Sindato;0;64e6761393293143c6716a29;1
66a413c096478e3006494adb;0;ACTIVO;False;_Sindato;_Sindato;_Sindato;_Sindato;_Sindato;_Sindato;_Sindato;_Sindato;_Sindato;_Sindato;Bogota, Zipaquira, Cota, Tenjo, Chia, Cajica, La Calera, Sopo, Mosquera, Madrid, Facatativa;_Sindato;_Sindato;_Sindato;True;Gato,Perro;_Sindato;_Sindato;_Sindato;_Sindato;_Sindato;_Sindato;_Sindato;_Sindato;_Sindato;_Sindato;"""¡Sé Un Experto Barbero! Inscríbete Y Domina Las Técnicas De Cortes Y Barba""";"""Ind Escuela Belleza: Barberia""";Informativa;Para Toda La Familia;0;64e6761393293143c6716a29;1
66a413c096478e3006494adc;0;ACTIVO;False;_Sindato;_Sindato;_Sindato;_Sindato;_Sindato;_Sindato;_Sindato;_Sindato;_Sindato;_Sindato;Bogota, Funza, Mosquera, Madrid, Socha, Sopo, La Calera, Cota, Chia, Zipaquira, Cajica;_Sindato;_Sindato;_Sindato;_Sindato;_Sindato;_Sindato;_Sindato;_Sindato;_Sindato;_Sindato;_Sindato;_Sindato;_Sindato;_Sindato;_Sindato;"""¡Descubre El Arte De Hacer Velas! Curso De Manualidades Artesanales""";"""Ind Curso De Velas Artesanales""";Informativa;Para Toda La Familia;0;64e676d293293143c6716a2c;1
66a9a1473f7023143e216f19;1006458;ACTIVO;False;_Sindato;_Sindato;_Sindato;_Sindato;_Sindato;_Sindato;_Sindato;_Sindato;_Sindato;_Sindato;Choconta, Facatativa, Fusagasuga, Gachancipa, Funza, La Vega, Melgar, Mesitas Del Colegio, Soacha , Soacha, Subachoque, Tocaima, Ubate, Bogota;_Sindato;_Sindato;_Sindato;_Sindato;_Sindato;_Sindato;_Sindato;_Sindato;_Sindato;_Sindato;_Sindato;_Sindato;_Sindato;_Sindato;_Sindato;Cuida Tu Salud Visual Con El Convenio Imevi;Convenio Imevi;Informativa;Cuida De Ti;0;65fb70b5a432ef1df3d7ecd6;1
66a9a42ffcb3e4119d663c4e;1006458;ACTIVO;False;_Sindato;_Sindato;_Sindato;_Sindato;_Sindato;_Sindato;_Sindato;_Sindato;_Sindato;_Sindato;Anapoima, Bogota, Cajamarca, Cajica, Choconta, Chia, Facatativa, Fusagasuga, La Calera, La Calera , Mesitas Del Colegio, Sibate, Soacha, Soacha , Subachoque, Tocancipa, Ubate, Zipaquira;_Sindato;_Sindato;_Sindato;_Sindato;_Sindato;_Sindato;_Sindato;_Sindato;_Sindato;_Sindato;_Sindato;_Sindato;_Sindato;_Sindato;_Sindato;Cumplimos Tu Sueños Con El Programa Mejora Tu Hogar, Mejora Tu Vida;Mejora Tu Hogar, Mejora Tu Vid;Informativa;_Sindato;0;65fb7027ebb36179ac5e7137;1
67084a082e2df83778fd651b;0;ACTIVO;False;_Sindato;_Sindato;_Sindato;_Sindato;_Sindato;_Sindato;_Sindato;_Sindato;_Sindato;_Sindato;_Sindato;_Sindato;_Sindato;_Sindato;_Sindato;_Sindato;_Sindato;_Sindato;_Sindato;_Sindato;_Sindato;_Sindato;_Sindato;_Sindato;_Sindato;True;"""Unimos: Celebra La Temporada De Cine Con Nuestro Combo Especial""";"""Unimos Cineco Bono 17 Combo 1""";Transaccional;_Sindato;54;64e6768793293143c6716a2a;1
67087fa32e2df83778fd655d;0;ACTIVO;False;_Sindato;_Sindato;_Sindato;_Sindato;_Sindato;_Sindato;_Sindato;_Sindato;_Sindato;_Sindato;_Sindato;_Sindato;_Sindato;_Sindato;_Sindato;_Sindato;_Sindato;_Sindato;_Sindato;_Sindato;_Sindato;_Sindato;_Sindato;_Sindato;_Sindato;True;"""Unimos: Lleva Tu Cine Combito Con 12% De Descuento En Cine Colombia""";"""Unimos Cineco Bono 14 Combito""";Transaccional;_Sindato;12;64e6768793293143c6716a2a;1
6716cda111b1b12eab566a0e;0;ACTIVO;False;_Sindato;_Sindato;_Sindato;_Sindato;_Sindato;_Sindato;_Sindato;_Sindato;_Sindato;_Sindato;Bogota, Funza, Mosquera, Madrid, Soacha, Cota, Chia, Zipaquira, Sopo, Cajica, La Calera;_Sindato;_Sindato;_Sindato;_Sindato;_Sindato;_Sindato;A, B, C;_Sindato;Si;_Sindato;_Sindato;_Sindato;_Sindato;_Sindato;_Sindato;"""¡No Te Pierdas La Diversión! Descuento Especial En Salitre Mágico Te Espera""";"""Des Salitre Magico""";Informativa;Diviértete Y Comparte;0;64e6768793293143c6716a2a;1
6716f7d13f6a914152054e3e;0;ACTIVO;False;_Sindato;_Sindato;_Sindato;_Sindato;_Sindato;_Sindato;_Sindato;_Sindato;_Sindato;_Sindato;Bogota, Chia, Cajica, Zipaquira, Cota, Mosquera, Madrid, Funza, Soacha;_Sindato;_Sindato;_Sindato;_Sindato;_Sindato;_Sindato;A, B, C;_Sindato;Si;_Sindato;_Sindato;_Sindato;_Sindato;_Sindato;_Sindato;"""Tu Camino Al Éxito Comienza En La Universidad San Buenaventura""";"""Des U San Buenaventura""";Informativa;Cuida De Ti;0;64e6761393293143c6716a29;1
671968e72fca3e6c67d4f123;0;ACTIVO;False;_Sindato;_Sindato;_Sindato;_Sindato;_Sindato;_Sindato;_Sindato;_Sindato;_Sindato;_Sindato;Bogota, Funza, Mosquera, Madrid, Soacha, Cota, Chia, Zipaquira, Sopo, Cajica, La Calera, Medellin, Cali, Barranquilla, Monteria, Cartagena, Manizales, Armenia, Tunja, Villavicencio, Bucaramanga, Pasto;_Sindato;_Sindato;_Sindato;_Sindato;_Sindato;_Sindato;A, B, C;_Sindato;Si;_Sindato;_Sindato;_Sindato;_Sindato;_Sindato;_Sindato;"""Gaes Centros Auditivos: Mejora Tu Recepción De Sonido Y Tu Calidad De Vida""";"""Des Gaes""";Informativa;Diviértete Y Comparte;0;65fb70b5a432ef1df3d7ecd6;1
671ab9442fca3e6c67d4f209;0;ACTIVO;False;_Sindato;_Sindato;_Sindato;_Sindato;_Sindato;_Sindato;_Sindato;_Sindato;_Sindato;_Sindato;Bogota, Soacha, Mosquera, Funza, Madrid, Cota, Cajica, Zipaquira, Chia, Sopo, La Calera;_Sindato;_Sindato;_Sindato;_Sindato;_Sindato;_Sindato;_Sindato;_Sindato;No;_Sindato;_Sindato;_Sindato;_Sindato;_Sindato;_Sindato;"""¡Tu Salud Al Alcance De La Mano Con El Laboratorio Clínico A Domicilio De Compensar!""";"""Des Lab Clinico A Domicilio""";Informativa;Cuida De Ti;0;65fb70b5a432ef1df3d7ecd6;1
671ad947524aa6303f097ec6;0;ACTIVO;False;_Sindato;_Sindato;_Sindato;_Sindato;_Sindato;_Sindato;_Sindato;_Sindato;_Sindato;_Sindato;Bogota, Chia, Cajica, Zipaquira, Cota, Mosquera, Madrid, Funza, Soacha, La Calera, Facatativa, Sopo, Sibate, Tenjo, Tocancipa, Villa De Leyva;_Sindato;_Sindato;_Sindato;_Sindato;_Sindato;_Sindato;A, B, C;_Sindato;Si;_Sindato;_Sindato;_Sindato;_Sindato;_Sindato;_Sindato;"""Cuida Tu Salud Con El Plan Complementario Vital""";"""Des Plan Complementario""";Informativa;Cuida De Ti;0;65fb70b5a432ef1df3d7ecd6;1
6722996fed9b2e5b379397fe;0;ACTIVO;False;_Sindato;_Sindato;_Sindato;_Sindato;_Sindato;_Sindato;_Sindato;_Sindato;_Sindato;_Sindato;Bogota, Mosquera, Facatativa, Funza, Cota, Madrid, Zipaquira, Chia, Tenjo, Soacha, La Calera;_Sindato;_Sindato;_Sindato;_Sindato;_Sindato;_Sindato;A, B, C;_Sindato;Si;_Sindato;_Sindato;_Sindato;_Sindato;_Sindato;_Sindato;"""¡Todo Para Tu Mascota Con 15% De Descuento!""";"""Des Fuller Pinto Mascotas""";Informativa;Para Toda La Familia;0;64e676ebbf6bf0045de27d17;1
67256aae9c71cf397b48443f;0;ACTIVO;False;_Sindato;_Sindato;_Sindato;_Sindato;_Sindato;_Sindato;_Sindato;_Sindato;_Sindato;_Sindato;Bogota, Soacha, Mosquera, Madrid, Funza, Cajica, Chia, Cota, La Calera;_Sindato;_Sindato;_Sindato;_Sindato;_Sindato;_Sindato;_Sindato;_Sindato;_Sindato;_Sindato;_Sindato;_Sindato;_Sindato;_Sindato;_Sindato;"""Alquila Tu Mesa De Ping Pong: ¡Diviértete Jugando!""";"""Red Alquiler Mesa Tenis""";Informativa;Cuida De Ti;0;64e66faf93293143c6716a28;1
672571df9c71cf397b48444f;0;ACTIVO;False;_Sindato;_Sindato;_Sindato;_Sindato;_Sindato;_Sindato;_Sindato;_Sindato;_Sindato;_Sindato;Facatativa, Zipaquira, Mosquera, Bogota, Soacha, Cota, Chia, La Calera, Madrid, Funza, Cajica, San Roque, Ubate;_Sindato;_Sindato;_Sindato;_Sindato;_Sindato;_Sindato;_Sindato;_Sindato;_Sindato;_Sindato;Si;_Sindato;Si;_Sindato;_Sindato;"""¡Activa Los Beneficios De Tu Plan Complementario Especial Con Prácticas Libres!""";"""Salud Practicas Libres Plan C""";Informativa;Cuida De Ti;0;65fb70b5a432ef1df3d7ecd6;1
67584b220957034420848362;0;ACTIVO;False;_Sindato;_Sindato;_Sindato;_Sindato;_Sindato;_Sindato;_Sindato;_Sindato;_Sindato;_Sindato;_Sindato;_Sindato;_Sindato;_Sindato;_Sindato;_Sindato;_Sindato;_Sindato;_Sindato;_Sindato;_Sindato;_Sindato;_Sindato;_Sindato;_Sindato;True;"""¡Unimos Te Lleva Al Plan Anual De Spinning Center Con Un 20% De Descuento!""";"""Unimos Spinning 720 1 Año""";Transaccional;Cuida De Ti;0;64e66faf93293143c6716a28;1
6827ce7b4207f12e2ba29d44;0;ACTIVO;True;_Sindato;_Sindato;_Sindato;_Sindato;_Sindato;_Sindato;_Sindato;_Sindato;_Sindato;_Sindato;_Sindato;_Sindato;_Sindato;_Sindato;_Sindato;_Sindato;_Sindato;_Sindato;_Sindato;_Sindato;_Sindato;_Sindato;_Sindato;_Sindato;_Sindato;_Sindato;"""Entrena Y Prepárate Con Nuestras Prácticas Libres De Natación Para Aguas Abiertas""";"""Aguas Abiertas""";Informativa;Cuida De Ti;0;64e66faf93293143c6716a28;1
6827d1cceffc0719a7888342;0;ACTIVO;True;_Sindato;_Sindato;_Sindato;_Sindato;_Sindato;_Sindato;_Sindato;_Sindato;_Sindato;_Sindato;_Sindato;_Sindato;_Sindato;_Sindato;_Sindato;_Sindato;_Sindato;_Sindato;_Sindato;_Sindato;_Sindato;_Sindato;_Sindato;_Sindato;_Sindato;_Sindato;"""Perfecciona Tus Habilidades Con Nuestro Programa De Natación En Aguas Abiertas""";"""Curso Natacion Aguas Abiertas""";Informativa;Cuida De Ti;0;64e66faf93293143c6716a28;1
6838c82493c51c6c1a674480;0;ACTIVO;False;_Sindato;_Sindato;_Sindato;_Sindato;_Sindato;_Sindato;_Sindato;_Sindato;_Sindato;_Sindato;Bogota, Soacha, Funza, Mosquera, Madrid, Cota, Chia, Zipaquira, Cajica, Sopo, La Calera, Tenjo, Tabio, Tocancipa;_Sindato;_Sindato;_Sindato;_Sindato;_Sindato;_Sindato;_Sindato;_Sindato;_Sindato;_Sindato;_Sindato;_Sindato;_Sindato;_Sindato;_Sindato;"""Da El Primer Paso Hacia Una Vida Activa Con El Plan Básico Gym Que Lo Tiene Todo""";"""Ms Plan Basico Gym""";Informativa;Diviértete Y Comparte;0;64e66faf93293143c6716a28;1
